<?xml version="1.0" encoding="UTF-8"?>
<!DOCTYPE mapper PUBLIC "-//mybatis.org//DTD Mapper 3.0//EN" "http://mybatis.org/dtd/mybatis-3-mapper.dtd">
<mapper namespace="com.ht.hitea.sns.FileUploadMapper">

	
	<insert id="snsWrite2" parameterType="com.ht.hitea.sns.SNSBean">
		insert into hitea_sns values(hitea_sns_seq.nextval, #{hs_hm_nickname}, #{hs_txt}, #{hs_txt2}, #{hs_txt3}, #{hs_photo_front}, sysdate)
	</insert>
	
	<select id="getAllSNSMsg2" resultType="com.ht.hitea.sns.SNSBean">
		select * from hitea_sns order by hs_date desc
	</select>
	
	<insert id="fileWrite2" parameterType="com.ht.hitea.sns.FileUploadBean2">
		insert into hitea_files values(#{hfile_no}, #{hfile_img}, #{hfile_video})
	</insert>
	
	<select id="getOne2" resultType="com.ht.hitea.sns.SNSBean">
		select * from hitea_sns where hs_date = (select max(hs_date) from hitea_sns)
	</select>
	
	<select id="getAllfile2" resultType="com.ht.hitea.sns.FileUploadBean2" parameterType="com.ht.hitea.sns.SNSBean">
		select * from hitea_files where hfile_no=#{hs_no}
	</select>
	
	<select id="getSNSMsg" resultType="com.ht.hitea.sns.SNSBean" parameterType="com.ht.hitea.sns.SNSBean">
		select * from hitea_sns where hs_no=#{hs_no}
	</select>
	
	<delete id="snsDelete" parameterType="com.ht.hitea.sns.SNSBean">
		delete from hitea_sns where hs_no=#{hs_no}
	</delete>

</mapper>