<?xml version="1.0" encoding="UTF-8"?>
<!DOCTYPE mapper PUBLIC "-//mybatis.org//DTD Mapper 3.0//EN" "http://mybatis.org/dtd/mybatis-3-mapper.dtd">
<mapper namespace="com.ht.hitea.member.MemberMapper">

	<select id="getMemberByID" parameterType="com.ht.hitea.member.Member"
		resultType="com.ht.hitea.member.Member">
		select * from hitea_member where hm_id=#{hm_id}
	</select>

	<insert id="join" parameterType="com.ht.hitea.member.Member">
		insert into hitea_member 
		values(#{hm_id}, #{hm_pw}, #{hm_nickname}, #{hm_name}, #{hm_birthday}, #{hm_email}, #{hm_pw_question}, #{hm_pw_answer},
		#{hm_selfIntroduction}, #{hm_photo_front}, #{hm_photo_back})
	</insert>

	<select id="idCheckJson" resultType="java.lang.Integer"	parameterType="com.ht.hitea.member.Member">
		select count(hm_id) from hitea_member where	hm_id=#{hm_id}
	</select>

	<select id="nicknameCheckJson" resultType="java.lang.Integer" parameterType="com.ht.hitea.member.Member">
		select count(hm_nickname) from hitea_member where hm_nickname=#{hm_nickname}
	</select>

	<select id="emailCheckJson" resultType="java.lang.Integer" parameterType="com.ht.hitea.member.Member">
		select count(hm_email) from hitea_member where hm_email=#{hm_email}
	</select>


</mapper>